Name	DisplayName	Code1	Code2	Family	CodeLengthMm	ProductionBlankMm	DisplayLengthMm	VolumeM3	VolumeSource	Note
Комбинированный тип 3/8.1	Комбинированный тип 3/8.1	Тип 3 + Тип 8.1	Тип 3 + Тип 8.1	COMBINED_BLOCK	640	650	640	0.0074820018	MEASURED	Зафиксировано из TL volume catalog
Комбинированный тип 1/1	Комбинированный тип 1/1	Тип 1 + Тип 1	Тип 1 + Тип 1	COMBINED_BLOCK	640	650	640	0.008379	MEASURED	Зафиксировано из TL volume catalog
Комбинированный тип 1/8	Комбинированный тип 1/8	Тип 1 + Тип 8	Тип 1 + Тип 8	COMBINED_BLOCK	640	650	640	0.00763356	MEASURED	Зафиксировано из TL volume catalog
Комбинированный тип 8.1/3	Комбинированный тип 8.1/3	Тип 8.1 + Тип 3	Тип 8.1 + Тип 3	COMBINED_BLOCK	640	650	640	0.0074820018	MEASURED	Зафиксировано из TL volume catalog
Комбинированный тип 8/1	Комбинированный тип 8/1	Тип 8 + Тип 1	Тип 8 + Тип 1	COMBINED_BLOCK	640	650	640	0.0074820018	MEASURED	Зафиксировано из TL volume catalog
Комбинированный тип 8.1/8.1	Комбинированный тип 8.1/8.1	Тип 8.1 + Тип 8.1	Тип 8.1 + Тип 8.1	COMBINED_BLOCK	640	650	640	0.006720918	MEASURED	Зафиксировано из TL volume catalog
Рядовой	Рядовой	П640	П640	STANDARD_BLOCK	640	650	640	0.0075980975	MEASURED	Базовый неизменяемый блок
Тип 1	Тип 1	П640 [Н-НЧ-Тип 1]	П640 [В-КН-Тип 1]	STANDARD_BLOCK	640	650	640	0.0078365271	MEASURED	Базовый неизменяемый блок
Тип 2	Тип 2	П320 [В-НЧ-Тип 2]	П320 [Н-КН-Тип 2]	STANDARD_BLOCK	320	330	320	0.003491848	MEASURED	Базовый неизменяемый блок
Тип 3	Тип 3	П640 [В-НЧ-Тип 3]	П640 [Н-КН-Тип 3]	STANDARD_BLOCK	640	650	640	0.0079070247	MEASURED	Базовый неизменяемый блок
Тип 4	Тип 4	П320 [Н-НЧ-Тип 4]	П320 [В-КН-Тип 4]	STANDARD_BLOCK	320	330	320	0.003497716	MEASURED	Базовый неизменяемый блок
Тип 5	Тип 5	П320 [С-НЧ-Тип 5.1]	П320 [С-КН-Тип 5.1]	STANDARD_BLOCK	320	330	320	0.0027897437	MEASURED	Базовый неизменяемый блок
Тип 5.1	Тип 5.1	П640 [С-НЧ-Тип 5.1]	П640 [С-КН-Тип 5.1]	STANDARD_BLOCK	640	650	640	0.0065790199	MEASURED	Базовый неизменяемый блок
Тип 6	Тип 6	П640 [В-320-Тип 6]	П640 [Н-320-Тип 6]	STANDARD_BLOCK	640	650	640	0.0074219691	MEASURED	Базовый неизменяемый блок
Тип 7	Тип 7	Тип 7	Тип 7	SINGLE_BLOCK	640	650	640	0.0072387989	MEASURED	Базовый неизменяемый блок без drawing-парсера
Тип 7.1	Тип 7.1	П640 [С-320-Тип 7.1]	П640 [С-320-Тип 7.1]	STANDARD_BLOCK	640	650	640	0.0072470327	MEASURED	Базовый неизменяемый блок
Тип 8	Тип 8	П640 [Н-НЧ-Тип 8]	П640 [В-КН-Тип 8]	STANDARD_BLOCK	640	650	640	0.0071704053	MEASURED	Базовый неизменяемый блок
Тип 8.1	Тип 8.1	П640 [В-НЧ-Тип 8.1]	П640 [Н-КН-Тип 8.1]	STANDARD_BLOCK	640	650	640	0.0071692797	MEASURED	Базовый неизменяемый блок
Тип 9	Тип 9	Тип 9	Тип 9	SINGLE_BLOCK	640	650	640	0.0067415653	MEASURED	Базовый неизменяемый блок без drawing-парсера
Тип 10	Тип 10	П640 [С-НЧ-Тип 10.1]	П640 [С-КН-Тип 10.1]	STANDARD_BLOCK	640	650	640	0.0073708461	MEASURED	Базовый неизменяемый блок
Тип 10.1	Тип 10.1	П320 [С-НЧ-Тип 10.1]	П320 [С-КН-Тип 10.1]	STANDARD_BLOCK	320	330	320	0.0035463499	MEASURED	Базовый неизменяемый блок
Тип 11	Тип 11	Тип 11	Тип 11	SINGLE_BLOCK	640	650	640	0.0065489983	MEASURED	Базовый неизменяемый блок
Тип 12	Тип 12	Тип 12	Тип 12	SINGLE_BLOCK	320	330	320	0.0032358774	MEASURED	Базовый неизменяемый блок
Тип 13	Тип 13	Тип 13	Тип 13	SINGLE_BLOCK	640	650	640	0.0064940585	MEASURED	Базовый неизменяемый блок
Тип 14	Тип 14	Тип 14	Тип 14	SINGLE_BLOCK	320	330	320	0.0031767228	MEASURED	Базовый неизменяемый блок
