Number	DisplayName	InsulatedCode	PlainCode	ProductionBlankMm	DisplayLengthMm	VolumeM3	Note	Revision	CreatedAt	UpdatedAt	UpdatedBy
201	Перемычка №201	П1600 [С-НЧ-Тип 10.1] [Н-КН-Тип 8.1]	П1600 [С-КН-Тип 10.1] [В-НЧ-Тип 8.1]				Стартовая строка из текущего TL catalog, остальные поля вычисляются сервером	1			
202	Перемычка №202	П2560 [В-960-Тип 6] [Н-1600-Тип 6]	П2560 [Н-1600-Тип 6] [В-960-Тип 6]				Стартовая строка из текущего TL catalog, остальные поля вычисляются сервером	1			
203	Перемычка №203	П2560 [Н-320-Тип 6] [Н-2240-Тип 6]	П2560 [В-2240-Тип 6] [В-320-Тип 6]				Стартовая строка из текущего TL catalog, остальные поля вычисляются сервером	1			
204	Перемычка №204	П1920 [Н-НЧ-Тип 8] [В-960-Тип 6]	П1920 [В-КН-Тип 8] [Н-960-Тип 6]				Стартовая строка из текущего TL catalog, остальные поля вычисляются сервером	1			
205	Перемычка №205	П2560 [В-НЧ-Тип 8.1] [В-КН-Тип 8]	П2560 [Н-КН-Тип 8.1] [Н-НЧ-Тип 8]				Стартовая строка из текущего TL catalog, остальные поля вычисляются сервером	1			
206	Перемычка №206	П2560 [Н-320-Тип 6] [Н-2240-Тип 6]	П2560 [В-2240-Тип 6] [В-320-Тип 6]				Стартовая строка из текущего TL catalog, остальные поля вычисляются сервером	1			
207	Перемычка №207	П1920 [Н-320-Тип 6] [В-КН-Тип 8]	П1920 [В-1600-Тип 6] [Н-НЧ-Тип 8]				Стартовая строка из текущего TL catalog, остальные поля вычисляются сервером	1			
208	Перемычка №208	П1920 [В-НЧ-Тип 8.1] [Н-960-Тип 6]	П1920 [Н-КН-Тип 8.1] [В-960-Тип 6]				Стартовая строка из текущего TL catalog, остальные поля вычисляются сервером	1			
209	Перемычка №209	П2560 [Н-320-Тип 6] [В-1600-Тип 6]	П2560 [В-2240-Тип 6] [Н-960-Тип 6]				Стартовая строка из текущего TL catalog, остальные поля вычисляются сервером	1			
210	Перемычка №210	П2560 [В-320-Тип 6] [Н-1600-Тип 6]	П2560 [Н-2240-Тип 6] [В-960-Тип 6]				Стартовая строка из текущего TL catalog, остальные поля вычисляются сервером	1			
211	Перемычка №211	П1920	П1920					1	2026-08-20T09:39:34.155922520Z	2026-08-20T09:39:34.155922520Z	8
212	Перемычка №212	П1920 [В-0-Тип 3]	П1920 [Н-1920-Тип 3]					1	2026-08-20T09:39:34.155922520Z	2026-08-20T09:39:34.155922520Z	8
213	Перемычка №213	П1920 [С-0-Тип 5.1]	П1920 [С-1920-Тип 5.1]					1	2026-08-20T09:39:34.155922520Z	2026-08-20T09:39:34.155922520Z	8
214	Перемычка №214	П1600 [Н-0-Тип 4] [В-1600-Тип 8]	П1600 [Н-0-Тип 8] [В-1600-Тип 4]					1	2026-08-20T09:39:34.155922520Z	2026-08-20T09:39:34.155922520Z	8
215	Перемычка №215	П1920 [Н-0-Тип 8] [В-1920-Тип 8]	П1920 [Н-0-Тип 8] [В-1920-Тип 8]					1	2026-08-20T09:39:34.155922520Z	2026-08-20T09:39:34.155922520Z	8
216	Перемычка №216	П1920 [В-0-Тип 8.1] [Н-1600-Тип 6]	П1920 [В-320-Тип 6] [Н-1920-Тип 8.1]					1	2026-08-20T09:39:34.155922520Z	2026-08-20T09:39:34.155922520Z	8
217	Перемычка №217	П2497 [Н-1600-Тип 6]	П2497 [В-897-Тип 6]					1	2026-08-20T09:39:34.155922520Z	2026-08-20T09:39:34.155922520Z	8
218	Перемычка №218	П1920 [В-0-Тип 8.1]	П1920 [Н-1920-Тип 8.1]					1	2026-08-20T09:39:34.155922520Z	2026-08-20T09:39:34.155922520Z	8
219	Перемычка №219	П2497 [В-1600-Тип 6]	П2497 [Н-897-Тип 6]					1	2026-08-20T09:39:34.155922520Z	2026-08-20T09:39:34.155922520Z	8
220	Перемычка №220	П2177	П2177					1	2026-08-20T09:39:34.155922520Z	2026-08-20T09:39:34.155922520Z	8
221	Перемычка №221	П2177 [Н-0-Тип 8]	П2177 [В-2177-Тип 8]					1	2026-08-20T09:39:34.155922520Z	2026-08-20T09:39:34.155922520Z	8
222	Перемычка №222	П1920 [В-1920-Тип 8]	П1920 [Н-0-Тип 8]					1	2026-08-20T09:39:34.155922520Z	2026-08-20T09:39:34.155922520Z	8
